Related Controls,n_RelatedControls
AC-3,29
CA-7,26
CM-6,23
AC-17,22
PM-9,22
AU-2,21
SC-7,21
AC-2,20
AC-6,20
SC-13,20
SI-4,19
SI-7,18
AC-19,17
AU-12,16
CP-2,16
MP-4,16
PE-3,16
PL-4,16
SI-3,16
AT-3,15
CM-2,15
CM-3,15
IR-4,15
RA-3,15
MP-2,14
SA-4,14
SA-5,14
AC-18,13
CM-8,13
IA-2,13
SC-8,13
AU-6,12
CA-2,12
CM-7,12
SA-12,12
RA-5,11
SA-8,11
SI-2,11
AC-4,10
CM-4,10
CM-5,10
IA-4,10
IR-8,10
MA-4,10
AT-2,9
CP-7,9
IA-3,9
IA-5,9
IA-8,9
MP-5,9
PE-2,9
PL-2,9
SC-12,9
AU-7,8
SA-3,8
AC-20,7
CA-3,7
CP-9,7
MP-6,7
PE-4,7
PM-7,7
PS-2,7
PS-3,7
SA-10,7
SC-3,7
AU-3,6
CP-6,6
PE-6,6
PS-6,6
SA-11,6
SA-9,6
SC-2,6
AC-14,5
AU-5,5
AU-9,5
CM-11,5
CM-9,5
CP-4,5
MA-2,5
MA-3,5
MA-5,5
SC-5,5
AC-16,4
AC-5,4
CA-6,4
CP-10,4
IR-5,4
PM-5,4
PS-4,4
SC-10,4
SC-17,4
SC-28,4
AC-21,3
AC-7,3
AU-10,3
AU-11,3
AU-4,3
CP-8,3
PE-12,3
PE-16,3
PM-11,3
PM-8,3
PS-5,3
PS-7,3
SA-14,3
SA-15,3
SA-17,3
SC-22,3
SC-23,3
SC-24,3
SI-12,3
AC-8,2
AC-9,2
AT-4,2
AU-13,2
AU-16,2
AU-8,2
CA-5,2
CA-9,2
CP-3,2
IA-6,2
IR-2,2
IR-3,2
IR-6,2
IR-7,2
MP-7,2
PE-18,2
PE-19,2
PE-5,2
PL-8,2
PS-8,2
RA-2,2
SA-13,2
SC-15,2
SC-18,2
SC-20,2
SC-21,2
SC-26,2
SI-11,2
SI-8,2
AC-10,1
AC-22,1
AC-25,1
CM-10,1
CP-12,1
IA-7,1
MA-6,1
MP-3,1
PE-14,1
PE-15,1
PE-17,1
PE-8,1
PL-7,1
PM-1,1
PM-10,1
PM-12,1
PM-14,1
PM-15,1
PM-3,1
PM-4,1
PM-6,1
SA-16,1
SA-18,1
SA-19,1
SA-21,1
SC-11,1
SC-16,1
SC-19,1
SC-29,1
SC-30,1
SC-31,1
SC-34,1
SC-35,1
SC-37,1
SC-38,1
SC-39,1
SC-4,1
SC-43,1
SC-44,1
SC-6,1
SI-5,1
