id,Name
AC-1,AC-1
AC-11,AC-11
AC-12,AC-12
AC-14,AC-14
AC-17,AC-17
AC-18,AC-18
AC-19,AC-19
AC-2,AC-2
AC-20,AC-20
AC-21,AC-21
AC-22,AC-22
AC-3,AC-3
AC-4,AC-4
AC-5,AC-5
AC-6,AC-6
AC-7,AC-7
AT-1,AT-1
AT-2,AT-2
AT-3,AT-3
AT-4,AT-4
AU-1,AU-1
AU-10,AU-10
AU-11,AU-11
AU-12,AU-12
AU-2,AU-2
AU-3,AU-3
AU-4,AU-4
AU-5,AU-5
AU-6,AU-6
AU-7,AU-7
AU-8,AU-8
AU-9,AU-9
CA-1,CA-1
CA-2,CA-2
CA-3,CA-3
CA-5,CA-5
CA-6,CA-6
CA-7,CA-7
CA-8,CA-8
CA-9,CA-9
CM-1,CM-1
CM-10,CM-10
CM-11,CM-11
CM-2,CM-2
CM-3,CM-3
CM-4,CM-4
CM-5,CM-5
CM-6,CM-6
CM-7,CM-7
CM-8,CM-8
CM-9,CM-9
CP-1,CP-1
CP-10,CP-10
CP-2,CP-2
CP-3,CP-3
CP-4,CP-4
CP-6,CP-6
CP-7,CP-7
CP-8,CP-8
CP-9,CP-9
IA-1,IA-1
IA-2,IA-2
IA-3,IA-3
IA-4,IA-4
IA-5,IA-5
IA-6,IA-6
IA-7,IA-7
IA-8,IA-8
IR-1,IR-1
IR-2,IR-2
IR-3,IR-3
IR-4,IR-4
IR-5,IR-5
IR-6,IR-6
IR-7,IR-7
IR-8,IR-8
MA-1,MA-1
MA-2,MA-2
MA-3,MA-3
MA-4,MA-4
MA-5,MA-5
MA-6,MA-6
MP-1,MP-1
MP-2,MP-2
MP-3,MP-3
MP-4,MP-4
MP-5,MP-5
MP-6,MP-6
MP-7,MP-7
PE-1,PE-1
PE-10,PE-10
PE-11,PE-11
PE-12,PE-12
PE-14,PE-14
PE-15,PE-15
PE-16,PE-16
PE-17,PE-17
PE-18,PE-18
PE-2,PE-2
PE-3,PE-3
PE-4,PE-4
PE-5,PE-5
PE-6,PE-6
PE-9,PE-9
PL-1,PL-1
PL-2,PL-2
PL-4,PL-4
PL-8,PL-8
PS-1,PS-1
PS-2,PS-2
PS-3,PS-3
PS-4,PS-4
PS-5,PS-5
PS-6,PS-6
PS-7,PS-7
PS-8,PS-8
RA-1,RA-1
RA-2,RA-2
RA-3,RA-3
RA-5,RA-5
SA-1,SA-1
SA-10,SA-10
SA-11,SA-11
SA-12,SA-12
SA-15,SA-15
SA-16,SA-16
SA-17,SA-17
SA-2,SA-2
SA-3,SA-3
SA-4,SA-4
SA-5,SA-5
SA-8,SA-8
SA-9,SA-9
SC-1,SC-1
SC-12,SC-12
SC-13,SC-13
SC-15,SC-15
SC-17,SC-17
SC-18,SC-18
SC-19,SC-19
SC-2,SC-2
SC-20,SC-20
SC-21,SC-21
SC-22,SC-22
SC-23,SC-23
SC-24,SC-24
SC-28,SC-28
SC-3,SC-3
SC-39,SC-39
SC-4,SC-4
SC-5,SC-5
SC-7,SC-7
SC-8,SC-8
SI-1,SI-1
SI-11,SI-11
SI-12,SI-12
SI-16,SI-16
SI-2,SI-2
SI-3,SI-3
SI-4,SI-4
SI-5,SI-5
SI-6,SI-6
SI-7,SI-7
SI-8,SI-8
PM-9,PM-9
SC-10,SC-10
PE-19,PE-19
SC-43,SC-43
AC-10,AC-10
AU-13,AU-13
AC-16,AC-16
AC-9,AC-9
PM-12,PM-12
PM-14,PM-14
SC-16,SC-16
AU-16,AU-16
PM-7,PM-7
PM-4,PM-4
PM-10,PM-10
PM-6,PM-6
PM-5,PM-5
PE-8,PE-8
SC-34,SC-34
PM-8,PM-8
PM-11,PM-11
SA-14,SA-14
SC-37,SC-37
PL-7,PL-7
PM-1,PM-1
AC-8,AC-8
SA-21,SA-21
PM-15,PM-15
SA-18,SA-18
SA-19,SA-19
SC-29,SC-29
SC-30,SC-30
SC-38,SC-38
PM-3,PM-3
SC-11,SC-11
CP-12,CP-12
SA-13,SA-13
SC-6,SC-6
SC-31,SC-31
AC-25,AC-25
SC-26,SC-26
SC-44,SC-44
SC-35,SC-35
